{"version":2,"hash":{"type":"Buffer","data":"L2O1WJmrqI4tVnq5UW1xSNz5FFXYqDDd05By4mHay+8Cp+IgyY7N3pzBS2phU5QUCZuWcMxJAY9JpqD41LEOxcwNEOulI0IyBYxyQJp47zWxEbBVvZTYVOiRnXTHBOphThpkn7bYXWxlsDbtgFMaNXZBfn8sfAYHOa/9iDmEGfE="},"indexValueMap":{"KfOthGGhZvt95Q4Mzs+dQs7klExC8obryPwkTZJeGug=":{"valueMac":{"type":"Buffer","data":"j3dPbW92QouWpLOFVsnuNhlSfRdQp8l7YKu5eYzhd44="}},"otuyhg1cJZ/wwMBvG6/j2SeN8VbYL4plU8W/5aKBuMs=":{"valueMac":{"type":"Buffer","data":"OZPR4ifvyDRhv48147qeNMU0HLWJLeW2SbniEKcDZ2A="}},"GjZ7AAoayPG0pAoGZqnaN7Em3BAeHpUAZ8gUHVfAOLo=":{"valueMac":{"type":"Buffer","data":"2DCcStf+vTwZmAtHg5Ir7Gavr6H8BgOmdkk2GmN90WE="}},"hRMZp5tUihYdJygFWroE5Ht/mHvPj7LTMQ/4sdJHWbU=":{"valueMac":{"type":"Buffer","data":"68TiU+JGnvfgJ/AqpN7EZ2YrHyOlqG21aDn0A0YQmpo="}},"OwIc7c3M9eqV/K1BRxb8pH/x5aX2kT1r3P/mPgmRBc8=":{"valueMac":{"type":"Buffer","data":"jqmcqwg0gofp5RgjP7XVHgAE+xMhBgZ29XzxbmorgIM="}},"9fVPrmMqJlcK8DWdo1oid9144bqqri+DtDWzndE+Rh8=":{"valueMac":{"type":"Buffer","data":"zAA2ZAzmIjyPRSK4VcjP0eCIqSmcL1Ac1cRE6HzPG1s="}}}}