{"version":11,"hash":{"type":"Buffer","data":"gSS0Ld6o+Mn5T3cvcv73pfS+qgfmKIcCjXaA4UTh/s/fM1BGcdTwffQgjDeKqqzdIFbJB2OJT5/TlC1E230v1j2q3r83x1vw3YbE3ucp1/Hms0YamVd5j8u3/bYza/pRB8QtfDj3bsX+1bEbaF7VT20sdcNqi9EB7WBWZinIZXE="},"indexValueMap":{"0q/mUfssNx3A87ckWFsPgzN+fRdOtcJviX0wELufT0c=":{"valueMac":{"type":"Buffer","data":"d9a0A4JZG+tZ1BRc1CYpqOxbXAqt6Dj1G3U+IUFK8PI="}},"eC9Q1nNa1Fxw5sC1h+kxHJItf6983hoeufqWCqQHv2c=":{"valueMac":{"type":"Buffer","data":"KbYQJd+Sdq8nM9vuY3X3rwB+qUP54igt4w9mnp29lj4="}},"HCdWN5dKnbs6s/TXlnkZnH2xksdJEl4yghA9d78WsBU=":{"valueMac":{"type":"Buffer","data":"U1jEy5bEtnuwEbCEYBPYuIA+pzlPvPQJvq3r/mgU8JE="}},"SjkXE0/sS0G1FH+em4Wrb9xB9mhGeqx9xziE9n5UsH4=":{"valueMac":{"type":"Buffer","data":"DDXdDdhPT1IQjYfekzBAyRtQt73cvwXZXVBVncUHUd0="}},"1Yx6CoX3o0T+gv2SNZ9aPgAQ5w5EvLJ2tJeiJtVXOYg=":{"valueMac":{"type":"Buffer","data":"Ug7m/jOOw375iA7IsUnV0fKFA8as4VRO+h6qmVegxmQ="}},"7khD0sFrMKx77E5UCLwDHItS0Gt5gfl+SfF+bMsions=":{"valueMac":{"type":"Buffer","data":"ZDgnw54WeMM5old9yW7CmDEjDILlzrVXW9MgnGuJwLw="}},"rsjVR40v7tld7pyJb+sge8mUCOtEBu9oGpsFR49oHJA=":{"valueMac":{"type":"Buffer","data":"LXp8CWNXDV/ZP33gN4iEwsX9pcj+8e0YhdkZIfX4qQA="}},"00IVoFD1XLg5ZZdrceEVBxGSNDnAxbBevAGMMeiUrB8=":{"valueMac":{"type":"Buffer","data":"2NCfC+5TLAcj5sQdMkjI/fVdfz59RRJcHeVMzT4dNpM="}},"spFfk09j64JWO60x967oEDR135ze+sa7xL4QLdNImHI=":{"valueMac":{"type":"Buffer","data":"Mo280U6O5vVUBOM9lK03I5sY4Nnrt9R8TCuLqw0b7qk="}},"TTjAwN/sp4ccP5VhAFb0k6Ym6+u03CGL3JEJo+hsfPk=":{"valueMac":{"type":"Buffer","data":"XlssM3Chq3NSK+RuwMO+RJaMcudSja4eSwwmbDZIAKc="}},"oxosVdzRW6R03xIYeeF+tfr6WQ8T3tgQ8EkXc4iSp4w=":{"valueMac":{"type":"Buffer","data":"PjwDIDa5EE5s6GFBO7mSJYAjRAcrC5Vg3XBaVDi0gKg="}},"K6MX35/gXWJ1xpAMY6iGsLBw5eBUUZxZSJ4MaYTKSKs=":{"valueMac":{"type":"Buffer","data":"cTtfnxRv2GI1jR3t8rIJprVgPb9CrVQLqHJjcVGKfj0="}},"i1FGffCBCOc6225fYdahjDDTzQ2qGQAQeZZYEfjt14s=":{"valueMac":{"type":"Buffer","data":"nFsTGE9K3emMSr403aumei0YNDBbznQa9dW3nKdI06U="}},"4ef4KoHM0C8WEt9E7QxcPfjr4UusYRf+TqrTTymhizo=":{"valueMac":{"type":"Buffer","data":"XQZVvXsXGlqM36ZOGKT2Bo/6FlQ1gYiUPELFkVjy2+U="}},"eoZghHAMOkrF5DOL8G17dF7pEwtwGeR16JUgbsxQNbg=":{"valueMac":{"type":"Buffer","data":"FtrqMLlOmDlR3tpAvaGOOnAZEvOt1K85/RT4zV3WoCs="}},"fH+MFoZOZmpftJ+3EcJbo6S44lUZhImCVbJkzUTdAs0=":{"valueMac":{"type":"Buffer","data":"e9W7Ox/Y7cT0g/BK+xXnCgPXEfhhnW50rLe+qwwPkzs="}},"xGpvLSI0mW+MzebQh7ypZJRFP2W+rffpZXV3/1eCQLU=":{"valueMac":{"type":"Buffer","data":"nYCJFwdaoHyBt0ojlrWuIr+77YbfEsfIvwlsdnIOlx4="}}}}