{"version":2,"hash":{"type":"Buffer","data":"Wy2IL/RMLkvKtAn1Cu/xqW+P2DaxmWKw6S4siYWAV6uJXj/XLxnuNqOd0sZFe0mP78KyRT7gjMryWddK8Wfh6kR9XQrHPv4J5PO21A0R/0m5y/1KURyYI5MPO4y7gN9OwE5BbAGfEO+/1+raiacAAB87jVd/IqrtqfrQdJtp030="},"indexValueMap":{"7/jTB/MI8/CR7Hn3O551N/YZOY7pUMgAcWdiiHbkI4c=":{"valueMac":{"type":"Buffer","data":"+BdZ+z0FiEPFhVYpYNbOfRazB64U7Wsa0llGR/4pOF0="}},"rAX9JrWs0jKLfnA3nk9ZALtQvxaIih5Yqu+CVH57Pl8=":{"valueMac":{"type":"Buffer","data":"ztlYVHqcy/BMWENFgkYa471xGNH3cgq11+Ltt9CA/Hs="}}}}