{"noiseKey":{"private":{"type":"Buffer","data":"ICUuWm4CVrKkZ8UNTi/wP4UN/w12LJ6zR8goOFDb1lg="},"public":{"type":"Buffer","data":"obfP+/TaBK1isCKWYrGeQ0Ow8ayye+aULUt5tF5h4mg="}},"pairingEphemeralKeyPair":{"private":{"type":"Buffer","data":"2Of1+mvqgFABtip0SGAnOhG92aAktllio9vcq4m7vHk="},"public":{"type":"Buffer","data":"l9z/jFZRdd03OFG3xwy1i52inDqFVGxytSLNDkJ8QwQ="}},"signedIdentityKey":{"private":{"type":"Buffer","data":"2L5vLlyzhwHONS+H34lSOXLAlYtA5aIrn0LYrur5emM="},"public":{"type":"Buffer","data":"DSN8fEJ8Bb0k3oLNZ2JQ3v0Wl8uMr4zMwvzwMWjmQgg="}},"signedPreKey":{"keyPair":{"private":{"type":"Buffer","data":"MDc3KoqSd3hBUC0vBZhYicrvaH2yp4dZ5gNfMRQaBHI="},"public":{"type":"Buffer","data":"MZmiL0jsp3x7VAdv6NqNXmehvK9uB4ArR3AVoGSmtik="}},"signature":{"type":"Buffer","data":"H4V1hQmIAPKAcVCdnQp0QW6m4cDxwTp28GfKKlb3r/8wk/PSKcDMQmsjAnKpLVHFgjFQBUwir/BteMIJ6xpFDQ=="},"keyId":1},"registrationId":120,"advSecretKey":"SA1xWxh3OwzE/ZbDYndij+0d18qv3hjf9069cTCdW/8=","processedHistoryMessages":[{"key":{"remoteJid":"6287804567055@s.whatsapp.net","fromMe":true,"id":"7F8F412106488AAED4137798F054B667"},"messageTimestamp":1695423664},{"key":{"remoteJid":"6287804567055@s.whatsapp.net","fromMe":true,"id":"DC8FEB52A185ED507B8422A2EEE4997A"},"messageTimestamp":1695423664},{"key":{"remoteJid":"6287804567055@s.whatsapp.net","fromMe":true,"id":"7A9F464A29EB937F7899DE94CFA8091D"},"messageTimestamp":1695423681},{"key":{"remoteJid":"6287804567055@s.whatsapp.net","fromMe":true,"id":"E8700103081EEAE4185CA59A3A6A6077"},"messageTimestamp":1695423684}],"nextPreKeyId":31,"firstUnuploadedPreKeyId":31,"accountSyncCounter":1,"accountSettings":{"unarchiveChats":true},"deviceId":"HWT_-1qrT7GncyvX7GA0Pw","phoneId":"1820ff57-e52c-41e7-b9f7-b7ddc69219b0","identityId":{"type":"Buffer","data":"m1m9+MUufK6nNIt9tVIQYX6TtkM="},"registered":false,"backupToken":{"type":"Buffer","data":"m3bBAw6kZrNXHptfaMK+kCcMMfM="},"registration":{},"account":{"details":"CPzw2bEEEKi5uKgGGAE=","accountSignatureKey":"Ma/WhBCOimtkKVXVxf8m0phrEFvStNExGKe3v55/zgc=","accountSignature":"786jfankgLqM3XQaORyn7npDmIS8NESdfhebd2FMWAFA4QZXqM/bLzYTgsu6rJqrM1k6ZqRGy35FjSVZuH/zAw==","deviceSignature":"2GV1b47E2POeyTLU0UPh6fDyRlYQu47dJcs9pFlWZdvl/dvrI6l6TVl/MOthq9v8na9dK4F9AMYn+9zgCzjYCw=="},"me":{"id":"6287804567055:8@s.whatsapp.net","name":"BOTZY"},"signalIdentities":[{"identifier":{"name":"6287804567055:8@s.whatsapp.net","deviceId":0},"identifierKey":{"type":"Buffer","data":"BTGv1oQQjoprZClV1cX/JtKYaxBb0rTRMRint7+ef84H"}}],"platform":"smba","lastAccountSyncTimestamp":1695423717,"myAppStateKeyId":"AAAAAPbv"}