[{"senderKeyId":1575581408,"senderChainKey":{"iteration":109,"seed":"eabszhFe7QG1WLuoO6oPCi5EkQdVTytVowXDfoz+lZ8="},"senderSigningKey":{"public":"BW3Iz/VS5T1DyUOPsYcd5eYK5xwDQlDBxGLmmtfh3ldK"},"senderMessageKeys":[{},{},{},{},{},{},{},{},{},{},{},{},{},{},{},{},{},{},{},{},{},{},{},{},{},{},{}]},{"senderKeyId":1575581408,"senderChainKey":{"iteration":89,"seed":"YdClBBCZpANodC3Gqy/ajvZwzYM8GSWx7RtLmRE5kGc="},"senderSigningKey":{"public":"BW3Iz/VS5T1DyUOPsYcd5eYK5xwDQlDBxGLmmtfh3ldK"},"senderMessageKeys":[]},{"senderKeyId":1575581408,"senderChainKey":{"iteration":91,"seed":"by+LbTk283pyVUokCC5JBwhI+hkWlsxpmf/TTN0S55g="},"senderSigningKey":{"public":"BW3Iz/VS5T1DyUOPsYcd5eYK5xwDQlDBxGLmmtfh3ldK"},"senderMessageKeys":[]},{"senderKeyId":1575581408,"senderChainKey":{"iteration":93,"seed":"adq7HXEUEfE4pnCThDMftAwTytqnZHRB3n34tz+dlgA="},"senderSigningKey":{"public":"BW3Iz/VS5T1DyUOPsYcd5eYK5xwDQlDBxGLmmtfh3ldK"},"senderMessageKeys":[]},{"senderKeyId":1575581408,"senderChainKey":{"iteration":107,"seed":"l2O9gr4eZAkXYYgGLzba/xM0Ncw/pkL+oPSE5x3TNlo="},"senderSigningKey":{"public":"BW3Iz/VS5T1DyUOPsYcd5eYK5xwDQlDBxGLmmtfh3ldK"},"senderMessageKeys":[]}]