{"_sessions":{"BUA68lO2w9PY89v3qVtVWCdTE17m6KBlrKivjaD5jesJ":{"registrationId":1289754571,"currentRatchet":{"ephemeralKeyPair":{"pubKey":"BfjY/a9VGzsA3DIVR1xfAaUrTUONTfgKJjJJJupN9zB6","privKey":"yJeAiD5samAAZaoyiry4O3TEfcOxUkCPp+V2zdJvjFE="},"lastRemoteEphemeralKey":"BUSBr5B+RxaJ4yobAzBfK0vgYnbWiYQto8jkw0zTK5hd","previousCounter":0,"rootKey":"OwT7phuBWRMLmgvTfJyxrbhQDwuUkiNULX5u3bShC0g="},"indexInfo":{"baseKey":"BUA68lO2w9PY89v3qVtVWCdTE17m6KBlrKivjaD5jesJ","baseKeyType":1,"closed":-1,"used":1695425857562,"created":1695425857562,"remoteIdentityKey":"BdcZdILuKka9bnIdkqCJHwIkgE+yCD1AzZxV4b0Nf2xy"},"_chains":{"BfjY/a9VGzsA3DIVR1xfAaUrTUONTfgKJjJJJupN9zB6":{"chainKey":{"counter":0,"key":"g4vq7Uuvyo7atH22c0nT6t6iRGwI9J2qt0gFUo4u1Rw="},"chainType":1,"messageKeys":{}}},"pendingPreKey":{"signedKeyId":7,"baseKey":"BUA68lO2w9PY89v3qVtVWCdTE17m6KBlrKivjaD5jesJ","preKeyId":8452769}}},"version":"v1"}