{"_sessions":{"BR9wUPvPd2Yf0GO/kosD1wtw4iAUjfa7QBMVMNhSw8xY":{"registrationId":612079423,"currentRatchet":{"ephemeralKeyPair":{"pubKey":"BbQJq7he210syvIMt8o/lWalRp1ZPi44fUVpwqdtRGFR","privKey":"CH6cIGxw+cMKFKbLBvBOcDUmiIOel2+vOIqh+KaqD0A="},"lastRemoteEphemeralKey":"Beh+FYJXxEbGtaOVX3ZPlguzMeBMj7m/8sJxnilCHicv","previousCounter":0,"rootKey":"N/kpZ9m8Yha8fBm1qw5Y009+5YprL0C/JxBDvxx5980="},"indexInfo":{"baseKey":"BR9wUPvPd2Yf0GO/kosD1wtw4iAUjfa7QBMVMNhSw8xY","baseKeyType":1,"closed":-1,"used":1695424935443,"created":1695424935443,"remoteIdentityKey":"Bf25SZmEDwQmCIScFlQGcvmywEgR3S6dRkEz2AF/ggd/"},"_chains":{"BbQJq7he210syvIMt8o/lWalRp1ZPi44fUVpwqdtRGFR":{"chainKey":{"counter":0,"key":"we+6KMhdIJX/dedUJQuLlqGZI69T9WfLX9ImMqeOAJo="},"chainType":1,"messageKeys":{}}},"pendingPreKey":{"signedKeyId":1,"baseKey":"BR9wUPvPd2Yf0GO/kosD1wtw4iAUjfa7QBMVMNhSw8xY"}}},"version":"v1"}