{"_sessions":{"BWBnPr0q/M8+mnWLFWRrxhLHcYKHNXUT076IvD9guxBb":{"registrationId":228698875,"currentRatchet":{"ephemeralKeyPair":{"pubKey":"BYYNYBJHeC4HZK/kmiv6Ef4wDOgRuQ103NTSJtQVsNst","privKey":"2E+JQo+Bo2+tv7nQpAGxhebJ4TOMTE/h5TjWMy8Th2U="},"lastRemoteEphemeralKey":"BWVU36IstZDrucnOJfi8VVfEg8LR2/cCk2ImaxlVbOsu","previousCounter":0,"rootKey":"B5eCdIkrqQuN+OaktoRcVIrZeOltdMT9fMdQq/75fQY="},"indexInfo":{"baseKey":"BWBnPr0q/M8+mnWLFWRrxhLHcYKHNXUT076IvD9guxBb","baseKeyType":1,"closed":-1,"used":1695424935480,"created":1695424935480,"remoteIdentityKey":"BU/jpDxsfWDqHwfD7HAXV0nUlytB4hZwY/r8HMFAqcMl"},"_chains":{"BYYNYBJHeC4HZK/kmiv6Ef4wDOgRuQ103NTSJtQVsNst":{"chainKey":{"counter":0,"key":"8fpbw0gPQw8QIqcECSVON83fO8nVBa5tJkDxl/etNpU="},"chainType":1,"messageKeys":{}}},"pendingPreKey":{"signedKeyId":2,"baseKey":"BWBnPr0q/M8+mnWLFWRrxhLHcYKHNXUT076IvD9guxBb","preKeyId":6106045}}},"version":"v1"}