{"_sessions":{"BQTeM0BmuYBUObMlhs8s4Mue7LD4rRdRtLQ8fAuhWB4O":{"registrationId":83064671,"currentRatchet":{"ephemeralKeyPair":{"pubKey":"BcTXWmC3F2t5j4nayCvj/VOJ/LuYGFxbLlGynUhzDz9j","privKey":"EFGiPIp48PcVz/81/szgXzDuet/qbLG4SPlTFTuxHFI="},"lastRemoteEphemeralKey":"BRa5E37TVoLFykqTDdjMinoNtV5/hvk2qZo2MZC8i3MN","previousCounter":0,"rootKey":"sxCNjfq58y3jmoXH8M1QKTKiVpQu/6NiLBIjeojqO1Q="},"indexInfo":{"baseKey":"BQTeM0BmuYBUObMlhs8s4Mue7LD4rRdRtLQ8fAuhWB4O","baseKeyType":1,"closed":-1,"used":1695425857604,"created":1695425857604,"remoteIdentityKey":"BTQfr8Nh+uxbykTHTiX7qNi3iNhZtHJKZQ69mpTNYhBP"},"_chains":{"BcTXWmC3F2t5j4nayCvj/VOJ/LuYGFxbLlGynUhzDz9j":{"chainKey":{"counter":0,"key":"Q38QvFkHjIxn63XjEJ1Z5ChPm8jIs4tXYh3uZBR6cS4="},"chainType":1,"messageKeys":{}}},"pendingPreKey":{"signedKeyId":11,"baseKey":"BQTeM0BmuYBUObMlhs8s4Mue7LD4rRdRtLQ8fAuhWB4O","preKeyId":10255358}}},"version":"v1"}