{"_sessions":{"BZeqQqNdaY0/mbmMVMx4cxtzpFL0SHC2HhFNYFYak6Qo":{"registrationId":1858916956,"currentRatchet":{"ephemeralKeyPair":{"pubKey":"BeoFmuW7LjqB8H5Vz8q3IK3th5nAH0HNJRk5rHNyg31u","privKey":"kM/Va7o9Pzen93FL4vzqwo+MfvL+VQiAEa5kagHrPn8="},"lastRemoteEphemeralKey":"Bbbs0xxkCm11I4Ttaep/2RzbNc9EvS5Xdoba7VQBvt00","previousCounter":0,"rootKey":"9p6awDOr28fFA/NnVVubhsIoXIJOH/4HuCzFJgxuvko="},"indexInfo":{"baseKey":"BZeqQqNdaY0/mbmMVMx4cxtzpFL0SHC2HhFNYFYak6Qo","baseKeyType":1,"closed":-1,"used":1695424935428,"created":1695424935428,"remoteIdentityKey":"BQ0WGd6zWutcZP/CJfGSvi8KcwXwYbN2/3UW4ko24Yww"},"_chains":{"BeoFmuW7LjqB8H5Vz8q3IK3th5nAH0HNJRk5rHNyg31u":{"chainKey":{"counter":1,"key":"cT5K66VEqh99a0ANhb3mXL25fILVGevPBNL/qdcF2Xg="},"chainType":1,"messageKeys":{}}},"pendingPreKey":{"signedKeyId":0,"baseKey":"BZeqQqNdaY0/mbmMVMx4cxtzpFL0SHC2HhFNYFYak6Qo"}}},"version":"v1"}