{"_sessions":{"BQkyl/ujW7qysLCGnXGwwOcZRj4kjoARZPwhUCB0NhQ8":{"registrationId":247,"currentRatchet":{"ephemeralKeyPair":{"pubKey":"BTAY6zuJJy1xKAG4nSWiUaR0eq3uoft2X01y3lwBwgEo","privKey":"OBsfAPI/0KaPsZw+GE0IZ2q7b9Q4jZp3P+fTxAVxRFs="},"lastRemoteEphemeralKey":"Bch3VAZSE69kQYPP2lAQDEC5TIdzpKwNxZB2oHZRjCB2","previousCounter":0,"rootKey":"ZVO3TWSwChxgyb6QC6VzevKcR3KbrXkxqJ+WAhwidWk="},"indexInfo":{"baseKey":"BQkyl/ujW7qysLCGnXGwwOcZRj4kjoARZPwhUCB0NhQ8","baseKeyType":2,"closed":-1,"used":1695425141355,"created":1695423758830,"remoteIdentityKey":"BcEDDjfPrlHAMoGDuokzsPwjUs1RpnSIPU4Mu9CRU8Yh"},"_chains":{"BTVAJmYGjiSx1HCEdkP2+5Q8RqrJ8zBwioFB7gh2MvZ2":{"chainKey":{"counter":0},"chainType":2,"messageKeys":{}},"BZXbMNRZCa9PWl0wBoG9wwcaiFNliICaeaC6ascPIPJS":{"chainKey":{"counter":5},"chainType":2,"messageKeys":{}},"Bch3VAZSE69kQYPP2lAQDEC5TIdzpKwNxZB2oHZRjCB2":{"chainKey":{"counter":1,"key":"8P/ew9vexkLzo7vGbxrXVALG49cO3UjBgPxGtb1keXA="},"chainType":2,"messageKeys":{}},"BTAY6zuJJy1xKAG4nSWiUaR0eq3uoft2X01y3lwBwgEo":{"chainKey":{"counter":2,"key":"99OVv1HPBRPonKa+Cltw7ln24J2isK2nASVMYlFxSHA="},"chainType":1,"messageKeys":{}}}}},"version":"v1"}