{"_sessions":{"BT8D79YAuy9doBSHLucNC07iAYbEwHIoVTc10Lvv9z5f":{"registrationId":77,"currentRatchet":{"ephemeralKeyPair":{"pubKey":"BUwzlyNnBthb5RDrncWECoxXBRjSoxvIRSUtEx3Ogzo4","privKey":"0Mr55diKlcaXniPVCz0tOuCj2C6km6MVpo/kQT0qLVA="},"lastRemoteEphemeralKey":"BeSlnW2aZ1hpm9iNmP0y/aQqLIL4QbMp83R+CKy9CKRP","previousCounter":0,"rootKey":"Be72PMAjG8zzErAG6jvoX1GFqFxORDMNKDAPn+EhJp4="},"indexInfo":{"baseKey":"BT8D79YAuy9doBSHLucNC07iAYbEwHIoVTc10Lvv9z5f","baseKeyType":2,"closed":1695423930232,"used":1695423899988,"created":1695423899988,"remoteIdentityKey":"BeFkxGQCYa2K0kpGS+FQSp4NNeRAPbMD0TL4CLNowOtm"},"_chains":{"BeSlnW2aZ1hpm9iNmP0y/aQqLIL4QbMp83R+CKy9CKRP":{"chainKey":{"counter":24,"key":"qmCYTTNYqe+sL7iYDRKV5p7WvkYA7zb/2M9NG45FHuM="},"chainType":2,"messageKeys":{}},"BUwzlyNnBthb5RDrncWECoxXBRjSoxvIRSUtEx3Ogzo4":{"chainKey":{"counter":-1,"key":"1Ud/v57fIScQJ2rozSQM7GeaH0Vw5/ECk0fVfuof18A="},"chainType":1,"messageKeys":{}}}},"BUeXMDnLITMCgIYo5YQdlpzJxUyUMQgUjovkEvWvI7VM":{"registrationId":77,"currentRatchet":{"ephemeralKeyPair":{"pubKey":"BauM9akJmcgIOaoH2q/z6+mvCT2TB7y851duh0/79edx","privKey":"ONr/HprpSvHbxpL71tevwx2fLv4xQkB82jfgIAllhmc="},"lastRemoteEphemeralKey":"Bd7CMewrZQZIxShdreEEwFPwvSKnmnfhp+P51U5G8yk0","previousCounter":0,"rootKey":"fBxpVrJmVsXWxRUS8fZLDCBtQJxKPP1CoINi6hxNMx4="},"indexInfo":{"baseKey":"BUeXMDnLITMCgIYo5YQdlpzJxUyUMQgUjovkEvWvI7VM","baseKeyType":1,"closed":1695423930653,"used":1695423930197,"created":1695423930197,"remoteIdentityKey":"BeFkxGQCYa2K0kpGS+FQSp4NNeRAPbMD0TL4CLNowOtm"},"_chains":{"BauM9akJmcgIOaoH2q/z6+mvCT2TB7y851duh0/79edx":{"chainKey":{"counter":-1,"key":"v673SVvN2znddd6MucGScygEnBDZad5D1cC8Sk45vys="},"chainType":1,"messageKeys":{}}},"pendingPreKey":{"signedKeyId":1,"baseKey":"BUeXMDnLITMCgIYo5YQdlpzJxUyUMQgUjovkEvWvI7VM","preKeyId":24}},"BfwhP4gSjUnZm9Ws8LDEW055yzUrkpEGzHGjAzw7BCdZ":{"registrationId":77,"currentRatchet":{"ephemeralKeyPair":{"pubKey":"BU16CqbEaImmQaJFBech5V/NimKveqcE26qcyhHTydIf","privKey":"QIbvBa+LaGs54Kq2ndy+JzMtV/iMPz31Hy4uFYKff3E="},"lastRemoteEphemeralKey":"Bd7CMewrZQZIxShdreEEwFPwvSKnmnfhp+P51U5G8yk0","previousCounter":0,"rootKey":"ZiI2Ef1JFH+2UcggobVF6mkg4KSsFp3RHXELUBHuCto="},"indexInfo":{"baseKey":"BfwhP4gSjUnZm9Ws8LDEW055yzUrkpEGzHGjAzw7BCdZ","baseKeyType":1,"closed":1695423971490,"used":1695423930632,"created":1695423930632,"remoteIdentityKey":"BeFkxGQCYa2K0kpGS+FQSp4NNeRAPbMD0TL4CLNowOtm"},"_chains":{"BU16CqbEaImmQaJFBech5V/NimKveqcE26qcyhHTydIf":{"chainKey":{"counter":-1,"key":"JcYr2FUe1Te2MJGAfLWMJ/QyMWpzUtFU7sLZsxQaMHU="},"chainType":1,"messageKeys":{}}},"pendingPreKey":{"signedKeyId":1,"baseKey":"BfwhP4gSjUnZm9Ws8LDEW055yzUrkpEGzHGjAzw7BCdZ","preKeyId":2}},"BT4+9+6moEDhH20hc3Je3JbiVs3sM0JkkUeUzzaJ674s":{"registrationId":77,"currentRatchet":{"ephemeralKeyPair":{"pubKey":"BeRgeplmsAmBzAuLm0XpfR6PGRIgeC36gtaKL3JuE5kD","privKey":"iKhKH8hjLQB4uiJ9oeB83NrQhfNx+tWQDBx50wpRL0c="},"lastRemoteEphemeralKey":"Bd7CMewrZQZIxShdreEEwFPwvSKnmnfhp+P51U5G8yk0","previousCounter":0,"rootKey":"KR/9W6hKsg38m7+2N2LfxH/PhOh0J5Q6fljx24zIcEg="},"indexInfo":{"baseKey":"BT4+9+6moEDhH20hc3Je3JbiVs3sM0JkkUeUzzaJ674s","baseKeyType":1,"closed":1695423971901,"used":1695423971472,"created":1695423971472,"remoteIdentityKey":"BeFkxGQCYa2K0kpGS+FQSp4NNeRAPbMD0TL4CLNowOtm"},"_chains":{"BeRgeplmsAmBzAuLm0XpfR6PGRIgeC36gtaKL3JuE5kD":{"chainKey":{"counter":-1,"key":"wUypocyUHBEsiLzUZHLdcZAQSkTtdygeKhgIk48jmAA="},"chainType":1,"messageKeys":{}}},"pendingPreKey":{"signedKeyId":1,"baseKey":"BT4+9+6moEDhH20hc3Je3JbiVs3sM0JkkUeUzzaJ674s","preKeyId":1}},"BaOKv0Um2K6uRP0pbWrMm+K0EsoLrN/cNdAtsGv6Hr08":{"registrationId":77,"currentRatchet":{"ephemeralKeyPair":{"pubKey":"Bd1ySZWoseBNZEQKLoMHDpZiZcbQ4SfFy787GCtX6hkD","privKey":"KK2D0mU1FcdTanByzwKy+RW082WpqFnaR7rs89Fqw0c="},"lastRemoteEphemeralKey":"BeKv0QiLeJ9MCOxu3GhIaSbswr3qmYI/JXPWnGK/GX9C","previousCounter":0,"rootKey":"Ri0o42QVffg0VWxGc+sbo8RmjFfiWAzy2+5Na1C6lYs="},"indexInfo":{"baseKey":"BaOKv0Um2K6uRP0pbWrMm+K0EsoLrN/cNdAtsGv6Hr08","baseKeyType":1,"closed":-1,"used":1695431491080,"created":1695423971890,"remoteIdentityKey":"BeFkxGQCYa2K0kpGS+FQSp4NNeRAPbMD0TL4CLNowOtm"},"_chains":{"BYk0qwyIn9rSKQC3SK+eg1X/Uwy+lT+CJLJleyxK3C0J":{"chainKey":{"counter":6},"chainType":2,"messageKeys":{}},"BbHRhpvcK0QhNznVum4W0dpOSvQzrbUAXF6OBB3B36gP":{"chainKey":{"counter":1},"chainType":2,"messageKeys":{}},"BfNNMfHWrk157XB//sPysqCQkVQg9oqd3RFhu5fVXgEt":{"chainKey":{"counter":29},"chainType":2,"messageKeys":{"2":"nef1ggAKMmpIrvEgbIoXt3F114REU4FB8jgFO6lcLS8=","16":"kbxbKnji+IEtLIHg8dEBTynCMJTXlFvAIKVhHy5vf9A="}},"BeKv0QiLeJ9MCOxu3GhIaSbswr3qmYI/JXPWnGK/GX9C":{"chainKey":{"counter":18,"key":"aBYTvMZQ/sDrbYq9Iu/zGPOViXqwTD/KfbKi9vz6qSo="},"chainType":2,"messageKeys":{"1":"h0ddwvXLp+mRG12SqgGYm5yDCMqWP5gsb2wS/p9oVlo=","3":"s5K1sB/uwn2VF1vXHvZSsmUZj4RNGFwfLCFMmzFiLE8="}},"Bd1ySZWoseBNZEQKLoMHDpZiZcbQ4SfFy787GCtX6hkD":{"chainKey":{"counter":-1,"key":"G3Vs+zVVFQOxqwwV32VxN+i4Sc8r/rzrZ3qlsh1b0Ew="},"chainType":1,"messageKeys":{}}}}},"version":"v1"}