{"_sessions":{"BVhnDxUVQZDihz6e0SRisiyKkg1GeuI9o9KEbEAWP1k3":{"registrationId":24565790,"currentRatchet":{"ephemeralKeyPair":{"pubKey":"BdbElh8Vqfc7j7QSpMqRquST2xT7gMuDSh/J5aVuzcZN","privKey":"eIkd+0LjIkSyOBCGZa1Qa/hX80QKCPFrtUvD2GkkPVM="},"lastRemoteEphemeralKey":"Baur6xCh/TvGC99LaQ09W3Ri/EWdjCfF4pSjL62B6LJt","previousCounter":1,"rootKey":"4HBvtfK6Y/m/ifLoCwOxfiuThnJ47xOTW1URshNpwa0="},"indexInfo":{"baseKey":"BVhnDxUVQZDihz6e0SRisiyKkg1GeuI9o9KEbEAWP1k3","baseKeyType":1,"closed":-1,"used":1695426292759,"created":1695423792055,"remoteIdentityKey":"BbZnZhWWwntPpCmBqNz2vrrxThkXE82CnBMR+kogqMAY"},"_chains":{"BbjZ49C57/04pjPxUCAPe1je61xB3UeZ60YqWb2Nc0tE":{"chainKey":{"counter":0},"chainType":2,"messageKeys":{}},"BTMgriMaePQIQIEB8gayrqa9NPKDzYpDusY63Zi3j9p1":{"chainKey":{"counter":0},"chainType":2,"messageKeys":{}},"Baur6xCh/TvGC99LaQ09W3Ri/EWdjCfF4pSjL62B6LJt":{"chainKey":{"counter":1,"key":"1HGevn0jEVbnbsydHqqjPDjo8jV4ecPAbpnl1s4rdnM="},"chainType":2,"messageKeys":{}},"BdbElh8Vqfc7j7QSpMqRquST2xT7gMuDSh/J5aVuzcZN":{"chainKey":{"counter":-1,"key":"r7A3t0nXHMS4L6Jc34bu17h29MUE9aRllVPggZ3kMlk="},"chainType":1,"messageKeys":{}}}}},"version":"v1"}