{"_sessions":{"BbFGGArrYFfsygBfliszurk6ndMKzcw+nD8kao77FShX":{"registrationId":1974207121,"currentRatchet":{"ephemeralKeyPair":{"pubKey":"BfuQc9yoIbdfwtMrvJeXiS55MAK4h7v2ghsdHmpHdW8z","privKey":"qNjvL5jNTGVqZkKq8iolBV2qPSmcVrSg5zvaicExOFQ="},"lastRemoteEphemeralKey":"Bb+MSUHnflFkCyZ5oNgtZfRTGbYhhgUfevmDducUb3E4","previousCounter":0,"rootKey":"VIrsRLLnB1nxzMfnpGCXOGYGwAcMx3aHYgMZsNZjcnM="},"indexInfo":{"baseKey":"BbFGGArrYFfsygBfliszurk6ndMKzcw+nD8kao77FShX","baseKeyType":1,"closed":-1,"used":1695424935462,"created":1695424935462,"remoteIdentityKey":"BWKl8JQ2gKTuQXieSI4Q+rpth7F2Wf/ewRqTPip0c4wC"},"_chains":{"BfuQc9yoIbdfwtMrvJeXiS55MAK4h7v2ghsdHmpHdW8z":{"chainKey":{"counter":1,"key":"YzCcyRi+CGy80pPzljbZcqoDRj+KxCZA8rNF40TlSRo="},"chainType":1,"messageKeys":{}}},"pendingPreKey":{"signedKeyId":0,"baseKey":"BbFGGArrYFfsygBfliszurk6ndMKzcw+nD8kao77FShX","preKeyId":6985019}}},"version":"v1"}