{"_sessions":{"BcBTRItOQTkFeSeel+nnLvqMsgNnlwIWzuqh1GSXzqM4":{"registrationId":153658704,"currentRatchet":{"ephemeralKeyPair":{"pubKey":"BXK3iJtxxzByZJN0NSsTTcfQ1WaRKR+rxvLUAHUC5PBC","privKey":"ILrdIIdIq0GCzgpvkgOhkaEzEgd5WG2aKkQKSr7S+XU="},"lastRemoteEphemeralKey":"Bc+/bHhuQgIpyYHhNlsv4kCwYq5k7V5QAj6hq5f88wRx","previousCounter":0,"rootKey":"GNkSr+LwZU2uMWgRmnrytLJK42n2ERS9ZBp/4FqiZbw="},"indexInfo":{"baseKey":"BcBTRItOQTkFeSeel+nnLvqMsgNnlwIWzuqh1GSXzqM4","baseKeyType":1,"closed":-1,"used":1695425857588,"created":1695425857588,"remoteIdentityKey":"BSGJuVjjW0ClND6sLJ2qs4zlvB2rfZFo620FZl+VjtVE"},"_chains":{"BXK3iJtxxzByZJN0NSsTTcfQ1WaRKR+rxvLUAHUC5PBC":{"chainKey":{"counter":0,"key":"Wk5lmKeoGTPVtQnLdwinQpfJianUmwQrfXT8f8tpsNU="},"chainType":1,"messageKeys":{}}},"pendingPreKey":{"signedKeyId":3,"baseKey":"BcBTRItOQTkFeSeel+nnLvqMsgNnlwIWzuqh1GSXzqM4","preKeyId":7650359}}},"version":"v1"}