{"_sessions":{"BQ2Mc4c2tHx/ZC1U3SMUamnJSpw2F9NxRhea/wdli4Vp":{"registrationId":1062751291,"currentRatchet":{"ephemeralKeyPair":{"pubKey":"BVHxKwBbCmXFOp99x0LDQIUlbtXS/yc9tprSiDww4JRZ","privKey":"GJ0Js8SV1ETBhvIx/DpXZFAdrkF89ihHqC/TjUlOcVQ="},"lastRemoteEphemeralKey":"BR+3ik0b7l7dpTqsThZIc/MZowCJeC8DKxLsvU1Jh1lj","previousCounter":0,"rootKey":"CByl76V5OZ/1kg6dr47eEfJ5Oo/B0NPometjyDId7b0="},"indexInfo":{"baseKey":"BQ2Mc4c2tHx/ZC1U3SMUamnJSpw2F9NxRhea/wdli4Vp","baseKeyType":1,"closed":-1,"used":1695425857575,"created":1695425857575,"remoteIdentityKey":"BUQ2z9HojoE8bXWiYtFJgjaZpbrFMZ2AiOCRkRtTBRwY"},"_chains":{"BVHxKwBbCmXFOp99x0LDQIUlbtXS/yc9tprSiDww4JRZ":{"chainKey":{"counter":0,"key":"E3zV4HBmqDSg9EU/9+bIbFdyDckdJXcVmmsGJCKVKqo="},"chainType":1,"messageKeys":{}}},"pendingPreKey":{"signedKeyId":0,"baseKey":"BQ2Mc4c2tHx/ZC1U3SMUamnJSpw2F9NxRhea/wdli4Vp","preKeyId":4940768}}},"version":"v1"}