{"_sessions":{"BaG30P1E5kQC5HARZJI3dLQon3Rz1MiCvciY6mUzzXg2":{"registrationId":1968300491,"currentRatchet":{"ephemeralKeyPair":{"pubKey":"BUxBjtRS1G12+tmqnfqcJybsc2skewCmR3crpLLXUERb","privKey":"wD6pDUm/7ElmsrRsoLb1oUj72K9706RNp5ofZvA+cF8="},"lastRemoteEphemeralKey":"BWV2MnMfYvtkCvslTnl/ArqZWogRSshHEQ4WORY8Dlty","previousCounter":0,"rootKey":"+F3imc5Xo+RXqhgJFinr88XqHBDAOyJp/diY8WPBQ1M="},"indexInfo":{"baseKey":"BaG30P1E5kQC5HARZJI3dLQon3Rz1MiCvciY6mUzzXg2","baseKeyType":2,"closed":-1,"used":1695430532487,"created":1695430532487,"remoteIdentityKey":"Bcsp58ClZIvxUFVeBgS4/amL7ZUa0jfI2yODjImxNMwp"},"_chains":{"BWV2MnMfYvtkCvslTnl/ArqZWogRSshHEQ4WORY8Dlty":{"chainKey":{"counter":0,"key":"yEjSmjLLk03CL35jQ7TbyCbnJLdHNLnXxp3ADQofTuc="},"chainType":2,"messageKeys":{}},"BUxBjtRS1G12+tmqnfqcJybsc2skewCmR3crpLLXUERb":{"chainKey":{"counter":-1,"key":"iilkZEiHwk+/vUmO6aeutmDyi583KBO2DP/OW0tWSzQ="},"chainType":1,"messageKeys":{}}}}},"version":"v1"}