{"_sessions":{"BZxfLQALXSgfKJNpq2t9fS2fHzbPdIKYdpOmYZ5dbQBe":{"registrationId":717667064,"currentRatchet":{"ephemeralKeyPair":{"pubKey":"BXdbo9Cw5jarMQhSoACzcYwaZtcQ43MncVx3XMIlHWtE","privKey":"4JDzzNKkrZuHEAp9O0XGN85wdO4vWCAMsNbKWHAFXG8="},"lastRemoteEphemeralKey":"BRJ+Vcjejs1hPwx59cqZxyb+KqAtupiw+yy+BAJZW7Bo","previousCounter":1,"rootKey":"MdSpuau9Al9yb7/A3rRDyVFbeBIintIjZNCZZ8Gv0xM="},"indexInfo":{"baseKey":"BZxfLQALXSgfKJNpq2t9fS2fHzbPdIKYdpOmYZ5dbQBe","baseKeyType":2,"closed":-1,"used":1695429394570,"created":1695423662602,"remoteIdentityKey":"BTGv1oQQjoprZClV1cX/JtKYaxBb0rTRMRint7+ef84H"},"_chains":{"BUBAOb/t7/VGe/ViY+OevmiGjSrDBEHywwgoYWE5RaBC":{"chainKey":{"counter":9},"chainType":2,"messageKeys":{}},"BfbX3jTN0gNgjP4ug4z3FFK4QF2vcLyxbP0FPqcp+AdG":{"chainKey":{"counter":0},"chainType":2,"messageKeys":{}},"BcTh9gM896fyNmdxcOGCi4A2vjXlBHmi7xAJQAFl9R8+":{"chainKey":{"counter":0},"chainType":2,"messageKeys":{}},"BbOV2V1n5sm6C7grECNYI3xfeOJDBHlaQZwHh/uq5ilH":{"chainKey":{"counter":0},"chainType":2,"messageKeys":{}},"BRubgt+qAQ9IhcUG0Zj5uH1n/Dka/LT4T4U+3g2DJvp4":{"chainKey":{"counter":0},"chainType":2,"messageKeys":{}},"BZRG03XCxLXs2+oiQzlWolj9MlA1G8rrYGBAYWTbrVZu":{"chainKey":{"counter":4},"chainType":2,"messageKeys":{}},"BRJ+Vcjejs1hPwx59cqZxyb+KqAtupiw+yy+BAJZW7Bo":{"chainKey":{"counter":0,"key":"9JtMPs6dYD5X6fKH6/QF02HgI6Qa4AQt8h2YA4sriwk="},"chainType":2,"messageKeys":{}},"BXdbo9Cw5jarMQhSoACzcYwaZtcQ43MncVx3XMIlHWtE":{"chainKey":{"counter":-1,"key":"t1m+GHy6EB7mOXqTIz8aXhUr2+UzbLLE9XFJvtYZVGI="},"chainType":1,"messageKeys":{}}}}},"version":"v1"}